Título,Material,Cód. título,Números de chamada local,Objeto Digital
1ª Conferencia de Ensino Primario,Periódico,103140,,per888346
A Agricultura,Periódico,103059,,per891770
A Aguia,Periódico,102893,,per898619
A Bala,Periódico,102581,,per872610
A Biblioteca,Periódico,102919,,per068306
A Civilisação da Africa Portuguesa,Periódico,102894,,per898660
A Comarca,Periódico,103060,,per891827
A Epoca,Periódico,102973,,per194875
A Flecha,Periódico,102664,,per887072
A Gazeta esportiva,Periódico,103023,,per104140
A Illustracao luso-brasileira,Periódico,102895,,per890022
A Illustracao Portugueza,Periódico,102908,"P26,03,45",per890723
A Imprensa,Periódico,103061,,per887625
A Leitura gratuita,Periódico,102992,,per341193
A Locomotiva,Periódico,102578,,per230928
A Lyra da Mocidade,Periódico,102577,,per896268
A Noticia,Periódico,103142,,per888303
A Noticia,Periódico,103143,,per888311
A Noticia : jornal independente e noticioso,Periódico,30285,PR-SOR 01645,per711896
A Noticia : jornal independente e noticioso,Periódico,103144,,per888320
A Ordem,Periódico,103063,,per891924
A platea,Periódico,102980,,per230715
A Pua,Periódico,102832,,per891916
A Reforma,Periódico,102593,,per228052
A Revista do Rio,Periódico,102557,,perm09061
A Saudade,Periódico,102532,,per896918
A Semana,Periódico,102527,,per896314
A Semana,Periódico,102963,,per149195
A Semana,Periódico,103009,,per368016
A Semana,Periódico,103010,,per372293
A Tribuna,Periódico,103048,,per884286
A Tribuna,Periódico,103076,,per153931
A Vanguarda,Periódico,102874,,per895016
A Vanguarda,Periódico,102876,,per895113
A Vida Moderna,Periódico,102468,,per189740
A Vida Moderna,Periódico,103013,,per405060
A Época,Periódico,102974,,per184883
A Época,Periódico,103062,,per891878
ABI,Periódico,102442,,per057150
Aeronautica,Periódico,103034,,per032069
Agulha em Palheiro,Periódico,102441,,per896365
Album de A Cena Muda,Periódico,102982,,per278580
Alma Algarvia,Periódico,102896,,per890073
Alma Feminina,Periódico,102897,,per890120
Almanach do paiz,Periódico,102440,,per344850
Almanach eu sei tudo,Periódico,102985,,per329754
Almanaque de A Fita,Periódico,103003,,per361844
Almanaque dos Desportos em todo o Mundo,Periódico,103020,,per059609
Alto Madeira,Periódico,103026,,per060160
Amphion,Periódico,102898,,per890170
Anathema,Periódico,102431,,per896411
Annaes do Senado do Imperio do Brazil,Periódico,102981,,per248550
"Annona, ou Mixto-Curioso",Periódico,102425,,per896462
Annuario das senhoras,Periódico,102424,,per335070
Annuario Genealogico Brasileiro,Periódico,103035,,per063665
Annuario [do] Club de Litteratura,Periódico,102415,,per338125
Anuario brasileiro de literatura,Periódico,102965,,per158550
Ao Deputado Monteiro de Souza,Periódico,102414,,per301744x
Ao Jornalista Dr. Silverio Jose Nery,Periódico,102413,,perxx3711
Archivo vermelho,Periódico,102400,,per347841
Archivos brasileiros de hygiene mental,Periódico,102966,,per160369
Arealense,Periódico,103036,"P33,06,312",per306746
Arquivos brasileiros de neuriatria e psiquiatria,Periódico,103021,,per064645
"Arquivos brasileiros de psiquiatria, neurologia e medicina legal",Periódico,103004,,per367087
Arte,Periódico,102398,,per896519
Arte Dentaria,Periódico,102399,,per736600
Artes e Letras,Periódico,102395,,per896560
As Vespas,Periódico,102394,,per896616
Assembléa Legislativa de São Paulo,Periódico,102393,,per800945
Assembléa Legislativa do Estado do Amazonas,Periódico,102385,,per801046
Assembléa Legislativa do Estado do Rio de Janeiro : Mensagem apresentada pelo Presidente do Estado Manuel de Mattos Duarte Silva,Periódico,102377,,per800996
Astro da Lusitania,Periódico,102899,"P26,04,78",per890227
Auto-propulsao,Periódico,102989,,per340049
Automoveis & acessorios,Periódico,103022,,per066524
Automovel Club,Periódico,103012,,per403180
Automóvel Clube,Periódico,102956,,per139840
Bem Publico,Periódico,102900,,per890278
Bemtevi,Periódico,102371,,per844632
Boa nova,Periódico,102364,,per158852
Boletim ABI,Periódico,102361,,per027898
Boletim administrativo,Periódico,103058,,per446734
Boletim da Associação Brasileira de Imprensa,Periódico,102360,,per070688
"Boletim da Directoria da Agricultura, Viação, Industria e Obras Publicas do Estado da Bahia",Periódico,102351,,per407119
Boletim da Diretoria de Instrução Pública,Periódico,103065,,per892025
Boletim de Ariel,Periódico,102940,,per72702
Boletim de Informações,Periódico,103067,,per884731x
"Boletim Mensal do Instituto Brasieiro de Educação, Ciência e Cultura",Periódico,103054,,per306924
Boletim policial,Periódico,102969,,per171379
"Brasil constroi / Ministerio da Viacao e Obras Publicas, Servico de Documentacao, Seccao de Publicacoes",Periódico,102942,,per081043
Brasil industrial,Periódico,102344,,per347884
Brasil mulher,Periódico,103014,,per491233
Brazil Ferro Carril,Periódico,103049,,per161730
Capital paulista,Periódico,103057,,per405086
Carta,Periódico,102339,,per701653
Caxias - Jornal,Periódico,103087,,per882224
Centenario do Bom Jesus do Monte,Periódico,102338,,per896667
Chacaras e quintais,Periódico,103033,,per214957
Civilização,Periódico,102328,,per874035
Commercio de Portugal,Periódico,102902,,per890375
Comoedia,Periódico,102297,,per383104
Correio Colonial,Periódico,103089,,per882275
Correio da Manhã,Periódico,102905,,per890529
Correio de Africa,Periódico,102903,,per890421
Correio do sul,Periódico,102242,,per090719
Correio do Sul,Periódico,102904,,per890472
Correio dos bairros,Periódico,103090,,per882291
Correio Rio Grandense,Periódico,103027,,per882054
Cultura,Periódico,102234,,per091774
D. Quixote,Periódico,102232,,per095648
D. Quixote.,Periódico,102434,,per886882
Der Kaiser,Periódico,101935,,per886629
Der Kolonist,Periódico,101971,,per886645
Der Kolonist,Periódico,101979,,per886653
Der Urwaldsbote,Periódico,101984,,per886670
Der Wolksbote,Periódico,101986,,per886688
Despertador,Periódico,102224,,per736422
Despertar,Periódico,103091,,per882305
Dez de Março,Periódico,102010,,per886696
Dia e Noite,Periódico,102013,,per886700
Diario da Bahia,Periódico,102214,,per801097
Diario da noite,Periódico,102891,,per093351
Diario da Tarde,Periódico,102218,,per886718
Diario das alagoas,Periódico,102193,,per225436
Diario Oficial do Estado,Periódico,102226,,per886734
Die Rundfchau,Periódico,102305,,per886815
Die Volkszeitung,Periódico,102314,,per886840
Die Wespe,Periódico,102401,,per886866
Distracçao,Periódico,102432,,per886874
Diário do Nordeste,Periódico,103149,,per882313
Dum-Dum,Periódico,102438,,per886890
Echo do Parana,Periódico,102180,,per704644
Echo Lagunense,Periódico,102571,,per886912
Echos do Liz,Periódico,102906,,per890570
Eco Philatelico da America do Sul,Periódico,102967,,per164003
Ecos do Mundo,Periódico,103150,,per882321
Electron,Periódico,102175,,per410551
Entre-Rios Jornal,Periódico,103030,,per097098
Epoca Sportiva,Periódico,102134,,per410748
Escola,Periódico,102574,,per886920
Escola Agricola da Bahia,Periódico,102132,,per410802
Escudo,Periódico,102580,,per886939
Espaço Cultural,Periódico,102583,,per886947
Estrella D'alva,Periódico,102122,,per410667
Estrella do Minho,Periódico,102907,,per890626
Estudante,Periódico,102595,,per886963
Estudante,Periódico,102602,,per886971
Estudante,Periódico,102609,,per888389
Estudante,Periódico,102610,,per888397
ETC,Periódico,102968,,per165573
Etc e tal,Periódico,102613,,per886980
Eu Vejo Tudo,Periódico,102118,,per410756
Evolucao,Periódico,102617,,per887005
Evolucionista,Periódico,103151,"P28,02,122",per882330
Evoluçao,Periódico,102615,,per886998
Expresso de Minas,Periódico,102117,,per881856
EÇA,Periódico,102565,,per886904
Fanal,Periódico,102631,,per887013
Fatos marcantes,Periódico,102116,,per465291
Feira Livre,Periódico,102640,,per887030
Fest-Zeitung,Periódico,102654,,per887048
Flamma Verde,Periódico,102658,,per887064
Folha Academica,Periódico,102676,,per887080
Folha Academica. -,Periódico,102691,,per887102
Folha Acadêmica,Periódico,102680,,per887099
Folha de Caxias,Periódico,103152,,per882356
Folha de Hoje,Periódico,103153,,per882364
Folha de Ituiutaba,Periódico,102046,,per829846
Folha de Nanuque,Periódico,102032,,per829781
Folha de Nanuque,Periódico,102033,,per579580
Folha do Commercio,Periódico,102753,,per887161
Folha do Comércio,Periódico,102751,,per887153
Folha do Nordeste,Periódico,102030,,per882372
Folha do Norte,Periódico,102755,,per887170
Folha do Povo,Periódico,102029,,per875317
Folha do Povo,Periódico,103068,,per891975
Folha do sul,Periódico,102711,,per887110
Folha do Sul,Periódico,102759,,per887188
Folha do Sul,Periódico,102886,,per882380
Folha Esportiva,Periódico,102767,,per887196
Folha Guara-Sul,Periódico,102027,,per881864
Folha Guaranésia,Periódico,102028,,per881872
Folha Livre,Periódico,37079,PR-SOR 01140 [1],per887200
Folha Nova,Periódico,102726,,per887129
Folha Nova,Periódico,102775,,per887218
Folha Nova,Periódico,102802,,per887226
Folha Popular,Periódico,102015,,per882399
Folha Regional de Caxias do Sul,Periódico,102014,,per882402
Folha Rosea,Periódico,102732,,per887137
Fon-fon,Periódico,103037,,per102237
Foreign Ferry News,Periódico,102011,,per763306
Funenseg,Periódico,102601,,per891576
Futurista,Periódico,102805,,per887234
Gazeta Academica,Periódico,102009,,per350940
Gazeta Blumenauense,Periódico,102842,,per887293
Gazeta Brusquense,Periódico,102807,,per887242
Gazeta Catharinense,Periódico,102858,,per887307
Gazeta Colonial,Periódico,101980,,per882410
Gazeta de Caxias,Periódico,101978,,per882429
Gazeta de Itajahy,Periódico,102860,,per887315
Gazeta de Itajahy,Periódico,102863,,per887323
Gazeta de Joinville,Periódico,102812,,per887250
Gazeta de Lages,Periódico,102889,,per887331
Gazeta de Valloes,Periódico,102910,,per887340
Gazeta do commercio,Periódico,102824,,per887269
Gazeta do Commercio,Periódico,102836,,per887277
Gazeta do Itajahy,Periódico,102914,,per887358
Gazeta do Natal,Periódico,102918,,per887366
Gazeta do Sul,Periódico,102922,,per887374
Gazeta do Sul,Periódico,102924,,per887382
Gazeta Financeira,Periódico,101968,,per410322
Gazeta Joaquinense,Periódico,102926,,per887404
Gazeta Official do Estado de Santa Catharina,Periódico,102936,,per887420
Gazeta Orleanense,Periódico,102840,,per887285
Gazeta Popular,Periódico,102941,,per887439
Gazeta Regional,Periódico,101945,,per881880
Gazeta Universal,Periódico,101943,,per896713
Gazeta Universal,Periódico,102920,"P12,01,12-13",per890677
Gilvaz,Periódico,102948,,per887447
Goldenen Hochzeit,Periódico,102950,,per887455
Gremio Tres de Maio,Periódico,102952,,per887463
Guanabara Fluminense,Periódico,102943,,per105147
Guaranésia,Periódico,101934,,per881929
Guaranésia e seu Municipio,Periódico,101941,,per881899
Guaranésia em Revista,Periódico,101939,,per881902
Guaranésia Hoje,Periódico,101938,,per881910
Guia Bernstorff,Periódico,101932,,per410284
Hebdomadario Lisbonense,Periódico,102913,,per891070
Hiram,Periódico,102977,,per887471
Hochzeits,Periódico,102996,,per887480
Hochzeitsfeier,Periódico,103000,,per887498
Humoristika,Periódico,103141,,per887544
Hymnos e Flores,Periódico,101905,"P17,03,12",per896764
I.C.F.,Periódico,103029,,per887552
Il Colono,Periódico,103032,,per887560
Il Colono Italiano,Periódico,101904,,per882437
Il Giornale Dell' Agricoltore / O Jornal do Agricultor,Periódico,101902,,per882445
Ilha,Periódico,103040,,per887579
Ilha verde,Periódico,103045,,per887587
Illustrazione Coloniale,Periódico,101875,,per351113
Illustração Photographica,Periódico,101876,,per352012
Immigrant,Periódico,103046,,per887595
Immigrant,Periódico,103051,,per887609
Imprensa,Periódico,103052,,per887617
Imprensa e Lei,Periódico,101835,,per896969
Imprensa Official,Periódico,103064,,per887633
Independente,Periódico,102646,,per888664
Industria e Commercio,Periódico,101834,,per882453
Industria e Commercio de Moveis do Brazil,Periódico,101818,,per352055
Informador-Correios e Telegraphos,Periódico,101817,,per351890
Informativo,Periódico,103077,,per887676
Informativo Chapecó,Periódico,103074,,per887668
Informação goyana,Periódico,102971,,per176648
Informe Celular,Periódico,103078,,per887684
Instituto Technico Commercial e Naval,Periódico,101816,,per893013
Instituto Technico commercial e naval,Periódico,102853,,per888354
Intercambio nipo-brasileiro,Periódico,101813,,per352098
Ipiranga,Periódico,103079,,per887692
Ipiranga,Periódico,103082,,per887706
Itajahy,Periódico,103083,,per887714
Jamais Sororoca,Periódico,103084,,per887722
Jaraguá,Periódico,103085,,per887730
Joinville Esportivo,Periódico,103088,,per887757
Joinvillenser Zeitung,Periódico,103092,,per887765
Jornais antigos da cidade de Caldas-MG,Periódico,101812,,per672238
Jornal Alfredo Wagner,Periódico,103095,,per887803
Jornal Capital das Nascentes,Periódico,103096,,per887811
Jornal da ABI,Periódico,101811,,per546828
Jornal da FAED,Periódico,103097,,per887820
Jornal da Mocidade,Periódico,101804,,per882461
Jornal da mulher,Periódico,103053,,per176966
Jornal da Noite,Periódico,102912,,per890820
Jornal da Semana,Periódico,103086,,per887749
Jornal da Semana,Periódico,103098,,per887838
Jornal das Bellas-Artes,Periódico,101761,,per897019
Jornal de Bellas artes,Periódico,101757,,per897310
Jornal de Caxias,Periódico,101751,,per882470
Jornal de Letras,Periódico,101750,,per111325
Jornal de Tijucas,Periódico,103099,,per887846
Jornal do Beto,Periódico,103100,,per887854
Jornal do Commercio,Periódico,102915,,per111988
Jornal do Commercio,Periódico,103094,,per887790
Jornal do Commercio,Periódico,103101,,per887862
Jornal do Domingo,Periódico,102911,,per890774
Jornal do Penedo,Periódico,101716,,per111589
Jornal do Povo,Periódico,103069,,per892076
Jornal do Povo,Periódico,103102,,per887870
Jornal do Povo,Periódico,103103,,per887889
Jornal do Povo,Periódico,103104,,per887897
Jornal do Progresso,Periódico,101697,,per882488
Jornal do Sinfusc,Periódico,103106,,per887919
Jornal dos Bairros,Periódico,101691,,per882496
Jornal dos Farmaceuticos,Periódico,103105,,per887900
Jornal Escolar Schuler:,Periódico,103066,,per887650
Jornal Esportivo,Periódico,103107,,per887927
JP Noticias,Periódico,103108,,per887935
Jupiter,Periódico,103109,,per887943
Kolonie Zeitung,Periódico,103111,,per887960
Kosmo,Periódico,103112,,per887978
L'Alpino,Periódico,103113,,per887986
L'Italia e L'America Latina,Periódico,101689,,per352136
L'Operaio,Periódico,103126,,per888125
La Colonia,Periódico,103115,,per888001
La Garconne,Periódico,101688,,per410365
La Nuova Urussanga,Periódico,103118,,per888036
La Patria,Periódico,103114,,per887994
La Tribuna,Periódico,103119,,per888044
Lageano,Periódico,103116,,per888010
Laguna,Periódico,103117,,per888028
Lauro Muller,Periódico,103120,,per888052
Lavoura e criação,Periódico,102972,,per177261
Lavoura e criação,Periódico,103039,,per114200
Leitura,Periódico,102946,,per115509
Letras Brasileiras,Periódico,102944,,per114715
Letras Brasileiras,Periódico,103015,,per872547
Liberdade,Periódico,103121,,per888060
Liberdade,Periódico,103122,,per888079
Lidador,Periódico,103123,,per888087
Liga Operaria,Periódico,103124,,per888095
Light,Periódico,103025,,per341177
Lontraner Fastnachts Anzeiger,Periódico,103125,,per888117
Lutas da Maioria,Periódico,103070,,per892122
Luz,Periódico,103127,,per888133
Luz e Sombra,Periódico,102979,,per213004
Magnolia,Periódico,103128,,per888141
Manchete esportiva,Periódico,102947,,per116335
Manchete rural,Periódico,103018,,per473421
Manhã,Periódico,103129,,per888150
Maquis,Periódico,102953,,per116521
Matraca,Periódico,103130,,per888168
Matraca,Periódico,103131,,per888176
Mensageiro,Periódico,102892,,per891479
Mensageiro,Periódico,103132,,per888184
Mequetrefe,Periódico,103133,,per888192
Minerva,Periódico,102997,,per353221
Missões,Periódico,103134,,per888214
Mitteilungen,Periódico,103135,,per888222
Mitteilungen,Periódico,103136,,per888230
Motor,Periódico,102998,,per355933
Movimento,Periódico,103137,,per888249
Municipio de Palhoca,Periódico,103138,,per888257
Município,Periódico,103028,,per891720
Museu Recreativo,Periódico,102993,,per341797
Mysterios do Rio de Janeiro ou Os Ladrões de Casaca,Periódico,102885,,per898163
Nossa Folha,Periódico,103139,,per888265
Nossa terra,Periódico,103146,,per888273
Nosso Jornal,Periódico,103147,,per888281
Nosso Jornal,Periódico,103148,,per888290
Nova-Cruzada,Periódico,103145,,per888338
O Agricultor,Periódico,103071,,per892173
O Argonauta,Periódico,101930,,per884979
O Artista,Periódico,101937,,per884987
O Astro,Periódico,101972,,per885002
O Atalaia,Periódico,101981,,per885010
O Atlantico,Periódico,102931,,per891177
O Azul,Periódico,101982,,per885029
O Barriga Verde,Periódico,101985,,per885037
O Beija Flor,Periódico,101987,,per885045
O Bicho,Periódico,102987,,per332542
O Bilontra,Periódico,102012,,per885053
O Binoculo,Periódico,102016,,per885061
O Bisturi,Periódico,102220,,per885070
O Brasil,Periódico,102225,,per885088
O Brasil Catholico,Periódico,102227,,per885096
O Cacique,Periódico,102228,,per885100
O Caixeiro,Periódico,102243,,per885118
O Campeao,Periódico,102259,,per885126
"O Campeao Portuguez em Lisboa, ou O Amigo do Povo e do Rei Constitucional",Periódico,102901,"P22A,06,06-07",per890324
"O Campeao Portuguez, ou O Amigo so Rei e do Povo",Periódico,102932,"P22A,06,04-05",per891223
O Campo Alegrense,Periódico,102270,,per885134
O Camponez,Periódico,102272,,per885142
O Canoinhas,Periódico,102274,,per885150
O Careca,Periódico,102276,,per885169
O Catharinense,Periódico,102312,,per885193
O Caxiense,Periódico,102887,,per882542
"O Censor Lusitano ou o Mostrador dos poderes politicos, e contrates dos periodicos",Periódico,102933,,per891274
O Censor Provinciano,Periódico,102927,,per890871
O Chapeco,Periódico,102327,,per885207
O Chaveco,Periódico,102402,,per885223
O Chicote,Periódico,102433,,per885231
O Chimpalhaço,Periódico,102437,,per885240
O Cinema,Periódico,102439,,per885258
O Cinematographo,Periódico,102570,,per885266
O Clamor,Periódico,102573,,per885274
O Clamor do Povo,Periódico,102579,,per885282
O Clarao,Periódico,102582,,per885290
O Clarim,Periódico,102584,,per885304
O Clarim,Periódico,102594,,per885320
O Clarim,Periódico,102596,,per885312
O Coisa,Periódico,102614,,per885347
O Coió,Periódico,102604,,per885339
O Colegial,Periódico,102634,,per885371
O Colibri,Periódico,102638,,per885380
O Collegial,Periódico,102616,,per885355
O Collegial,Periódico,102630,,per885363
O Comercio,Periódico,102656,,per885410
O Commentario,Periódico,102984,,per329738
O Commercio,Periódico,102653,,per885398
O Commercio,Periódico,102655,,per885401
O Commercio,Periódico,102663,,per885428
O Commercio,Periódico,102675,,per885436
O Commercio,Periódico,103072,,per892220
O Conciliador,Periódico,102292,,per767654
O Conciliador,Periódico,102677,,per885444
O Conciliador,Periódico,103073,,per892270
"O Conciliador Catharinense : jornal official, noticioso e litterario",Periódico,30809,,per885452
O Condor,Periódico,102692,,per885460
O Constitucional,Periódico,102729,,per885487
O Constitucional,Periódico,102740,,per885495
O Cooperativista,Periódico,102749,,per885509
O Correio,Periódico,102752,,per885517
O Coveiro,Periódico,102754,,per885525
O Crepusculo,Periódico,102758,,per885533
O Criador Paulista,Periódico,103044,,per186082
O Cruzeiro,Periódico,102765,,per885541
O Cruzeiro,Periódico,102768,,per885550
O Cruzeiro,Periódico,102774,,per885568
O Cruzeiro do Sul,Periódico,102800,,per885576
O Curioso,Periódico,102806,,per885592
O Cursilho,Periódico,102808,,per885606
O Debate,Periódico,102822,,per885614
O Defensor do Trabalho,Periódico,102928,,per890928
O Democrata,Periódico,102825,,per885622
O Democrata,Periódico,102839,,per885649
O Democrata,Periódico,102841,,per885657
O Democrata,Periódico,102909,,per885630
O Dente,Periódico,102843,,per885665
O Desporto,Periódico,102859,,per885673
O Desterrense,Periódico,102861,,per885681
O Dever,Periódico,102888,,per885690
O Diabo Coxo,Periódico,102217,,per701513
O Diario,Periódico,102921,,per885720
O Direito,Periódico,102923,,per885738
O Direito,Periódico,102925,,per885746
O Diálogo,Periódico,102917,,per885711
O Domingo,Periódico,102934,,per885762
O Domingo,Periódico,102937,,per891320
O Echo da Serra,Periódico,102935,,per885770
O Echo da Serra,Periódico,102938,,per885789
O Eco,Periódico,102945,,per885797
O Eco D'Africa,Periódico,102929,,per890979
O Eco da Força,Periódico,102949,,per885800
O Economista,Periódico,102930,,per891029
O Elegante,Periódico,102951,,per885819
O Escolar,Periódico,102976,,per885827
O Escolar,Periódico,102978,,per885835
O Escopro,Periódico,102999,,per885843
O Escovado,Periódico,103001,,per885851
O Escudo,Periódico,41945,PR-SOR 01073-01186,per811122
O Escudo,Periódico,103016,,per885886
O Espia,Periódico,103017,,per885894
O Espiao,Periódico,103019,,per885908
O Espiao,Periódico,103031,,per885916
O Espiao,Periódico,103038,,per885924
O Espiao,Periódico,103043,,per885940
O Espião,Periódico,103041,,per885932
O Esporte,Periódico,102586,,per886955
O Estoque,Periódico,102605,,per886556
O Estudante,Periódico,102606,,per888109
O Estudante,Periódico,102607,,per888370
O Estudante,Periódico,102608,,per887781
O Estudante,Periódico,102612,,per888419
O Estudante,Periódico,102618,,per888427
O estudante orleanense,Periódico,102611,,per888400
O Estudo,Periódico,102619,,per888435
O Expositor,Periódico,102620,,per888443
O Facão,Periódico,102621,,per888451
O Ferrao,Periódico,102622,,per888460
O Ferrao,Periódico,102623,,per888478
O filhote da Careta,Periódico,102988,,per339709
O Fiscal,Periódico,102624,,per888486
O Fiscal,Periódico,102625,,per888494
O Florete,Periódico,102626,,per888508
O Futuro,Periódico,102627,,per888516
O Garoto,Periódico,102628,,per888524
O Garoto,Periódico,103056,,per353663
O Gasparense,Periódico,102629,,per888532
O Gato,Periódico,102632,,per888540
O Globo,Periódico,102633,,per888559
O Gymnasiano,Periódico,102635,,per888567
O Homem Livre,Periódico,103050,,per176400
O Ideal,Periódico,102636,,per888575
O Ideal,Periódico,102637,,per888583
O Idealista,Periódico,102639,,per888591
O Imparcial,Periódico,102641,,per888605
O Imparcial,Periódico,102642,,per888613
O Imparcial,Periódico,102643,,per888621
O Imparcial,Periódico,102644,,per888630
O Independente,Periódico,102645,,per888648
O Independente,Periódico,102647,"P16,02,63",per888672
O Independente,Periódico,102648,,per888680
O Intransigente,Periódico,102649,,per888699
O Iris,Periódico,102650,,per888702
O Jasmim,Periódico,102651,,per888710
O Josephense,Periódico,102652,,per888729
O Joven,Periódico,102657,,per888737
O Joven,Periódico,102659,,per888745
O Judas,Periódico,102660,,per888753
O Judas,Periódico,102661,,per888761
O Juquinha,Periódico,102994,,per343315
O Lageano,Periódico,102662,"P16,02,64",per888770
O Lageano,Periódico,102665,,per888788
O Lageano,Periódico,102666,,per888796
O Lageano,Periódico,102667,,per888800
O Lageano,Periódico,102668,,per888818
O Lapis,Periódico,102669,,per888826
O Lapis,Periódico,102670,,per888834
O Lapis,Periódico,102671,,per888842
O Legalista,Periódico,102672,,per888850
O Leque,Periódico,102673,,per888869
O Leque,Periódico,102674,,per888877
O Liberal,Periódico,102678,,per888885
O Liberal,Periódico,102679,,per888893
O Liberal,Periódico,102681,,per888907
O Liberal,Periódico,102682,,per888915
O Libertador,Periódico,102683,,per888923
O Libertador,Periódico,102684,,per888931
O Litterato,Periódico,102685,,per888940
O Livro,Periódico,102686,,per888958
O Livro da Mocidade,Periódico,102687,,per888966
O Luctador,Periódico,102688,,per888974
O Lyrio,Periódico,102689,,per888982
O Mariano,Periódico,102690,,per888990
O Martello,Periódico,102693,,per889008
O Martello,Periódico,102694,,per889016
O Martir,Periódico,102695,,per889024
O Marujo,Periódico,102696,,per889032
O Mensageiro,Periódico,102697,,per889040
O Mercador,Periódico,102698,,per889059
O Mercantil,Periódico,102699,,per889067
O Mestre,Periódico,102700,,per889075
O Mez,Periódico,102701,,per889083
O Mez,Periódico,103011,,per373052
O Miliciano,Periódico,102702,,per889091
O Mineiro,Periódico,102703,,per889105
O Moleque,Periódico,102704,,per889113
O Moleque,Periódico,102705,,per889121
O Momento,Periódico,102706,,per889130
O Momento,Periódico,102707,,per889148
O Mosquito,Periódico,102708,,per889156
O Mosquito,Periódico,102709,,per889164
O Movietone,Periódico,102710,,per889172
O Municipio,Periódico,102712,,per889180
O Municipio,Periódico,102713,,per887773
O Municipio,Periódico,102714,,per889210
O Municipio,Periódico,102715,,per889270
O Municipio,Periódico,102716,,per889288
O Municipio,Periódico,102717,,per889296
O Municipio,Periódico,102718,,per889300
O Nacional,Periódico,102719,,per889318
O Nené,Periódico,102720,,per889326
O Netto,Periódico,102721,,per889334
O Norte,Periódico,102890,,per120774
O Novidades,Periódico,102722,,per889342
O Olho,Periódico,102723,,per889350
O Olho,Periódico,102724,,per889369
O Pacaja,Periódico,102725,,per889407
O Papagaio,Periódico,102727,,per889458
O Peixinho,Periódico,102728,,per889504
O Pequeno Escolar,Periódico,102730,,per889512
O Peru,Periódico,102731,,per889520
O Petardo,Periódico,102733,,per889539
O Pharol,Periódico,102734,,per889547
O Pharol,Periódico,102816,,per891266
O Picole,Periódico,102735,,per889555
O Pingo,Periódico,102736,,per889563
O Planalto,Periódico,102737,,per889571
O Planalto,Periódico,102738,,per889580
O Ponto,Periódico,102741,,per889601
O Popular,Periódico,102742,,per889610
O Prelo,Periódico,102743,,per889628
O Progresso,Periódico,102744,,per889636
O Progresso,Periódico,102746,,per889644
O Progresso,Periódico,102747,,per889652
O Progresso,Periódico,102748,,per889660
O Progresso,Periódico,102750,,per889679
O Pyrilampo,Periódico,102756,,per889687
O Pyrilampo,Periódico,102757,,per889695
O Reboque,Periódico,102760,,per889733
O Ronco,Periódico,102761,,per889792
O Ronco,Periódico,102762,,per889806
O Semeador,Periódico,102763,,per889814
O Sertanejo,Periódico,102764,,per889822
O Sol,Periódico,102766,,per889830
O Sport,Periódico,102769,,per889849
O Sul,Periódico,102771,,per889865
O Sulino,Periódico,102772,,per889873
O Tempo,Periódico,102773,,per889881
O Tempo,Periódico,102776,,per889890
O Tempo,Periódico,102777,,per889903
O Tempo,Periódico,102778,,per889911
O Til,Periódico,102780,,per889938
O Timoneiro do Norte,Periódico,102781,,per889946
O Tiro Catharinense,Periódico,102801,,per890766
O Tiçao,Periódico,102779,,per889920
O Trabalho,Periódico,102782,,per889954
O Trabalho,Periódico,102783,,per889962
O Trabalho,Periódico,102784,,per889970
O Trabalho,Periódico,102785,,per889989
O Trabalho,Periódico,102786,,per889997
O Trabalho,Periódico,102787,,per890006
O Triunfador,Periódico,102788,,per890014
O Trovao,Periódico,102789,,per890065
O Trovao,Periódico,102803,,per890812
O Tubaronense,Periódico,102790,,per890111
O Typographo,Periódico,102791,,per890219
O Typographo,Periódico,102792,,per890260
O Vagido,Periódico,102793,,per890367
O Vicentino,Periódico,102794,,per890413
O Vigilante,Periódico,102795,,per890464
O Vigilante,Periódico,102809,,per890863
O Volante,Periódico,103008,,per367966
Oasis,Periódico,101970,,per884995
Oh! Ferro!,Periódico,102796,,per890561
Operario,Periódico,102797,,per890618
Opiniao Catharinense,Periódico,102798,,per890669
Oraculo,Periódico,102990,,per340154
Oriente,Periódico,102799,,per890715
Palavra,Periódico,102810,,per890910
Paraná,Periódico,103002,,per360023
Patria,Periódico,102811,,per890960
Pelos Campos,Periódico,102813,,per891010
"Penna, Agulha e Colher",Periódico,102814,,per891061
Petit Louvre,Periódico,102815,,per891118
Phoenix,Periódico,102983,,per278610
Planalto,Periódico,102739,,per889598
Plataforma Zero,Periódico,102817,,per891312
Polyanthea,Periódico,102818,,per891363
Polyanthea,Periódico,102819,,per891410
Polyanthea,Periódico,102820,,per891460
Por Santa Catarina,Periódico,102821,,per891517
Porta-Voz,Periódico,102823,,per891568
Porvir,Periódico,102826,,per891614
Primeiro de Abril,Periódico,102827,,per891665
Primeiro de Maio,Periódico,102828,,per891711
Primeiro Livro de Leitura,Periódico,102884,,per896012
Professor,Periódico,102829,,per891762
Progresso,Periódico,102830,,per891819
Provincia,Periódico,102831,,per891860
Quebra-Nozes,Periódico,102833,,per891967
Reforma,Periódico,102834,,per892017
Regiao serrana,Periódico,102835,,per129569
Registro em Letras e Fotos,Periódico,102838,,per892211
Região Serrana,Periódico,102837,,per892165
Renovação,Periódico,102844,,per892262
Republica,Periódico,102603,,per896063
Republica,Periódico,102845,,
Retoques,Periódico,102846,,per892360
Revista bibliografica,Periódico,103055,,per324108
Revista brasileira de cultura,Periódico,102954,,per140074
Revista brasileira de folclore,Periódico,102957,,per140171
Revista Criminal,Periódico,102991,,per340774
Revista da Sociedade Brasileira de Sciencias,Periódico,103047,,per372986
Revista das Revistas,Periódico,102958,,per142247
Revista de Arquitetura,Periódico,102959,,per142328
Revista de cultura brasileña,Periódico,102916,,per008109
Revista de Ensino Primario,Periódico,102849,,per892815
Revista de imigração e colonização,Periódico,102960,,per143030
Revista de lingua portuguesa,Periódico,103080,,per179639
Revista de Pernambuco,Periódico,102975,,per212962
Revista de Santa Catharina,Periódico,102848,,per892769
Revista do Arquivo Municipal de São Paulo,Periódico,102961,,per143537
Revista do Centro Catharinense de Letras,Periódico,102850,,per892866
Revista do Comercio,Periódico,102851,,per892912
Revista do Commercio,Periódico,102852,,per892963
Revista do Municipio,Periódico,102970,,per174637
Revista Jornal das Praias,Periódico,103093,,per891673
Revista medica da Aeronautica / Ministerio da Aeronautica. Diretoria de Saude,Periódico,102962,,per146374
Revista nacional,Periódico,102986,,per331600
Santa Catharina,Periódico,102854,,
Sociedade Brasileira de Orquidófilos,Periódico,102939,,per71168
Sonntagsblatt,Periódico,102855,,per893617
Sul,Periódico,102770,,per889857
Sul-Americano,Periódico,102856,,per893765
Suplemento da Revista Automovel Club,Periódico,102964,,per151467
Supplemento Semanal Illustrado,Periódico,102857,,per893811
Teatro Ilustrado,Periódico,103042,,per152463
Terra Livre,Periódico,102862,,per894060
Terra Livre,Periódico,102864,,per894117
Teutonia Faschingsnummer,Periódico,102865,,per894265
Tom-Pouce,Periódico,102866,,per894362
Trabalho,Periódico,102867,,per894419
Tribuna do Povo,Periódico,102868,,per894460
Tribuna Popular,Periódico,102869,,per894516
Tubaronense,Periódico,102870,,per894567
Typographo,Periódico,102871,,per894613
Ulk,Periódico,102872,,per894664
Vanguarda,Periódico,102873,,per894869
Vanguarda,Periódico,102875,,per895067
Vanguarda,Periódico,102877,,per895164
Vera-Cruz,Periódico,102878,,per895210
Verdade,Periódico,102879,,per895261
Via Lateral,Periódico,102880,,per895318
Vida Futura,Periódico,102881,,per895369
Vida literária,Periódico,103005,,per367923
Vida nocturna,Periódico,103006,,per367931
Vida nova,Periódico,103007,,per367940
Vita Coloniale,Periódico,102882,,per895466
Ze Pereira,Periódico,102883,,per895865
698,,,,
